"","Phytochemical","PlantName","PubMed.Id"
"36","Sesquiterpene lactone","Acanthospermum hispidum",19320966
"52","1,8-cineol","Achillea clavennae",14595583
"53","beta-caryophyllen","Achillea clavennae",14595583
"54","camphor","Achillea clavennae",14595583
"55","linalool","Achillea clavennae",14595583
"56","myrcene","Achillea clavennae",14595583
"73","1,8-cineole","Achillea distans",21815436
"74","alismol","Achillea distans",20432153
"75","alpha-cadinol","Achillea distans",20432153
"76","beta-pinene","Achillea distans",21815436
"77","borneol","Achillea distans",21815436
"78","camphor","Achillea distans",21815436
"79","caryophyllene oxide","Achillea distans",20432153
"80","sabinene","Achillea distans",21815436
"81","tau-cadinol","Achillea distans",20432153
"82","trans-thujone","Achillea distans",21815436
"83","3-non-anol","Achillea fragrantissima",14255131
"84","artemisia alcohol","Achillea fragrantissima",15074599
"85","artemisia ketone","Achillea fragrantissima",15074599
"86","carvacrol","Achillea fragrantissima",14255131
"87","cis-thujone","Achillea fragrantissima",15074599
"88","d-myrcene","Achillea fragrantissima",14255131
"89","ethyl n-amylketone","Achillea fragrantissima",14255131
"90","eugenol","Achillea fragrantissima",14255131
"91","l-linalool","Achillea fragrantissima",14255131
"92","nerol","Achillea fragrantissima",14255131
"93","n-hexen(3)-ol(1)","Achillea fragrantissima",14255131
"94","sabinene","Achillea fragrantissima",14255131
"95","santolina alcohol","Achillea fragrantissima",15074599
"96","trans-thujone","Achillea fragrantissima",15074599
"97","?-pinene","Achillea fragrantissima",14255131
"98","?-terpineol","Achillea fragrantissima",14255131
"175","alkaloids","Aegle marmelos",22536985
"271","alstiphyllanine A","Alstonia macrophylla",19191551
"272","alstiphyllanine B","Alstonia macrophylla",19191551
"273","alstiphyllanine C","Alstonia macrophylla",19191551
"274","alstiphyllanine D","Alstonia macrophylla",19191551
"275","alstoniaphylline A","Alstonia macrophylla",23806072
"276","alstoniaphylline B","Alstonia macrophylla",23806072
"277","alstoniaphylline C","Alstonia macrophylla",23806072
"278","alpneumine A","Alstonia pneumatophora",20576577
"279","alpneumine B","Alstonia pneumatophora",20576577
"280","alpneumine C","Alstonia pneumatophora",20576577
"281","alpneumine D","Alstonia pneumatophora",20576577
"282","alpneumine E","Alstonia pneumatophora",20576577
"283","alpneumine F","Alstonia pneumatophora",20576577
"284","alpneumine G","Alstonia pneumatophora",20576577
"285","alpneumine H","Alstonia pneumatophora",20576577
"331","(-)-epicatechin","Amelanchier alnifolia",22220589
"332","3-glucoside","Amelanchier alnifolia",22220589
"333","chlorogenic acid","Amelanchier alnifolia",22220589
"334","hydroxybenzoic acids","Amelanchier alnifolia",22220589
"335","Quercetin 3-galactoside","Amelanchier alnifolia",22220589
"336","4-vinylguaiacol","Amethystea caerulea",21878001
"337","acetoanisole","Amethystea caerulea",21878001
"338","eugenol","Amethystea caerulea",21878001
"339","linalool","Amethystea caerulea",21878001
"340","morrilol","Amethystea caerulea",21878001
"341","?-caryophyllene","Amethystea caerulea",21878001
"352","alpha-bisabolol","Amomum biflorum",23513745
"353","alpha-humulene","Amomum biflorum",23513745
"354","camphene","Amomum biflorum",23513745
"390","(2R)-5-hydroxy-7,8-dimethoxyflavanone-5-O-beta-D-glucopyranoside","Andrographis paniculata",23678804
"391","12S-hydroxyandrographolide","Andrographis paniculata",16562826
"392","14-deoxy-11, 12-didehydroandrographiside","Andrographis paniculata",17165582
"393","14-deoxy-11, 12-didehydroandrographolide","Andrographis paniculata",17165582
"394","14-deoxy-11,12-didehydroandrographiside","Andrographis paniculata",23678804
"395","14-deoxy-11,12-didehydroandrographolide","Andrographis paniculata",23678804
"396","14-deoxy-17-hydroxyandrographolide","Andrographis paniculata",16562826
"397","14-deoxy-andrographolide","Andrographis paniculata",17165582
"398","19-hydroxy-8 (17), 13-labdadien-15, 16-olide","Andrographis paniculata",17165582
"399","19-O-[beta-D-apiofuranosyl(1-->2)-beta-D-glucopyranoyl]-3,14-dideoxyandrographolide","Andrographis paniculata",16562826
"400","2'-hydroxy-5, 7, 8-trimethoxyflavone","Andrographis paniculata",21626787
"401","3, 14-di-deoxyandrographolide","Andrographis paniculata",17165582
"402","3-O-beta-D-glucopyranosyl-14,19-dideoxyandrographolide","Andrographis paniculata",16562826
"403","3-O-beta-d-glucopyranosylandrographolide","Andrographis paniculata",16562826
"404","3-O-beta-D-glucosyl-14-deoxy-11,12-didehydroandrographiside","Andrographis paniculata",19003612
"405","3-O-beta-D-glucosyl-14-deoxyandrographiside","Andrographis paniculata",19003612
"406","3-oxo-14-deoxy-andrographolide","Andrographis paniculata",17165582
"407","4-hydroxy-2-methoxycinnamaldehyde","Andrographis paniculata",21626787
"408","5, 2', 6'-trihydroxy-7-methoxyflavone 2'-O-beta-D-glucopyranoside","Andrographis paniculata",21626787
"409","5, 2'-dihydroxy-7, 8-dimethoxyflavone","Andrographis paniculata",21626787
"410","5, 2'-dihydroxy-7, 8-dimethoxyflavone 2'-O-beta-D-glucopyranoside","Andrographis paniculata",21626787
"411","5, 2'-dihydroxy-7, 8-dimethoxyflvone","Andrographis paniculata",16711423
"412","5, 3'-dihydroxy-7, 8, 4'-trimethoxyflavone","Andrographis paniculata",21626787
"413","5, 4'-dihydroxy-7, 8, 2', 3'-tetramethoxyflavone","Andrographis paniculata",21626787
"414","5, 4'-dihydroxy-7, 8, 2', 3'-tetramethoxyflavone","Andrographis paniculata",16711423
"415","5, 5'-dihydroxy-7, 8, 2'-trimetroxyflavone","Andrographis paniculata",21626787
"416","5, 7, 3', 4'-tetrahydroxyflavone","Andrographis paniculata",16711423
"417","5, 7, 4'-trihydroxyflavone","Andrographis paniculata",16711423
"418","5, 7, 8, 2'-tetramethoxyflavone","Andrographis paniculata",21626787
"419","5, 7, 8-trimethoxydihydroflavone","Andrographis paniculata",16711423
"420","5-hydroxy-7, 8, 2', 3', 4'-pentamethoxyflavone","Andrographis paniculata",21626787
"421","5-hydroxy-7, 8, 2', 3'-tetramethoxyflavone","Andrographis paniculata",16711423
"422","5-hydroxy-7, 8, 2', 3'-tetramethoxyflavone","Andrographis paniculata",21626787
"423","5-hydroxy-7, 8, 2', 5'-tetramethoxyflavone","Andrographis paniculata",21626787
"424","5-hydroxy-7, 8, 2', 5'-tetramethoxy-flavone","Andrographis paniculata",16711423
"425","5-hydroxy-7, 8, 2', 6'-tetramethoxyflavone","Andrographis paniculata",21626787
"426","5-hydroxy-7, 8, 2'-trimethoxyflavone","Andrographis paniculata",21626787
"427","5-hydroxy-7, 8-dimethoxyflavanone","Andrographis paniculata",21626787
"428","5-hydroxy-7, 8-dimethoxyflavone","Andrographis paniculata",21626787
"429","5-hydroxy-7,8,2',5'-tetramethoxy-flavone-5-O-beta-D-glucopyranoside","Andrographis paniculata",17329890
"430","5-hydroxy-7,8-dimethoxy (2R)-flavanone-5-O-beta-D-glucopyranoside","Andrographis paniculata",17329890
"431","6-epi-8-O-acetylharpagide","Andrographis paniculata",23678804
"432","7,8-dimethoxy-2'-hydroxy-5-O-?-d-glucopyranosyloxyflavone","Andrographis paniculata",24236635
"433","7-O-methyldihydrowogonin","Andrographis paniculata",16711423
"434","7-O-methylwogonin","Andrographis paniculata",16711423
"435","acanthoside B","Andrographis paniculata",23678804
"436","andrograpanin","Andrographis paniculata",21626787
"437","andrographatoside","Andrographis paniculata",16562826
"438","andrographic acid","Andrographis paniculata",17329890
"439","andrographidine A","Andrographis paniculata",23678804
"440","andrographidine A","Andrographis paniculata",21626787
"441","andrographidine B","Andrographis paniculata",21626787
"442","andrographidine C","Andrographis paniculata",21626787
"443","andrographidine C","Andrographis paniculata",16711423
"444","andrographidine G","Andrographis paniculata",23678804
"445","Andrographidoids A","Andrographis paniculata",22342031
"446","Andrographidoids B","Andrographis paniculata",22342031
"447","Andrographidoids C","Andrographis paniculata",22342031
"448","Andrographidoids D","Andrographis paniculata",22342031
"449","Andrographidoids E","Andrographis paniculata",22342031
"450","andrographiside","Andrographis paniculata",17165582
"451","andrographiside","Andrographis paniculata",23678804
"452","andrographolide","Andrographis paniculata",21626787
"453","andrographolide","Andrographis paniculata",23678804
"454","andrographolide","Andrographis paniculata",17165582
"455","andropanoside","Andrographis paniculata",23678804
"456","beta-daucosterol","Andrographis paniculata",21626787
"457","beta-sitosterol","Andrographis paniculata",21626787
"458","curvifloruside F","Andrographis paniculata",23678804
"459","curvifloruside F","Andrographis paniculata",22342031
"460","deoxyandrographiside","Andrographis paniculata",17165582
"461","dihydroneobaicalein","Andrographis paniculata",21626787
"462","dihydroskullcapflavone","Andrographis paniculata",16711423
"463","isoandrographolide","Andrographis paniculata",17165582
"464","neoandrographiside","Andrographis paniculata",23678804
"465","neoandrographolide","Andrographis paniculata",21626787
"466","neoandrographolide","Andrographis paniculata",17165582
"467","oleanolic acid","Andrographis paniculata",21626787
"468","procumbide","Andrographis paniculata",23678804
"469","procumboside","Andrographis paniculata",23678804
"470","skullcapflavone-2'-methoxylether","Andrographis paniculata",16711423
"471","trans-cinnamic acid","Andrographis paniculata",21626787
"472","wightin","Andrographis paniculata",21626787
"519","alkaloids","Anthocephalus cadamba",20161916
"520","sesquiterpenes glycoside","Anthocephalus cadamba",20161916
"530","Alkaloids","Antidesma madagascariense",22654584
"531","Leucoanthocyanin","Antidesma madagascariense",22654584
"575","(E)-beta-farnesene","Artemisia annua",21425684
"576","1,8-cineole","Artemisia annua",21425684
"577","1-epi-cubenol","Artemisia annua",21425684
"578","beta-caryophyllene","Artemisia annua",21425684
"579","camphor","Artemisia annua",21425684
"580","germacrene D","Artemisia annua",21425684
"581","linalool","Artemisia annua",21425684
"582","1,8-cineole","Artemisia capillaris",20428067
"583","camphor","Artemisia capillaris",20428067
"584","germacrene D","Artemisia capillaris",20428067
"590","eucalyptol","Artemisia eriopoda",22474977
"591","germacrene D","Artemisia eriopoda",22474977
"592","(Z)-?-ocimene","Artemisia giraldii",22695231
"593","4-terpineol","Artemisia giraldii",22695231
"594","germacrene D","Artemisia giraldii",22695231
"595","iso-elemicin","Artemisia giraldii",22695231
"596","?-pinene","Artemisia giraldii",22695231
"597","beta-farnesene","Artemisia lavandulaefolia",20730967
"598","beta-thujone","Artemisia lavandulaefolia",20730967
"599","caryophyllene","Artemisia lavandulaefolia",20730967
"600","eucalyptol","Artemisia lavandulaefolia",20730967
"601","alpha-pinene","Artemisia mongolica",20428067
"602","gamma-terpinene","Artemisia mongolica",20428067
"603","germacrene D","Artemisia mongolica",20428067
"604","borneol","Artemisia sieversiana",20730967
"605","camphor","Artemisia sieversiana",20730967
"606","eucalyptol","Artemisia sieversiana",20730967
"607","geranyl butyrate","Artemisia sieversiana",20730967
"608","1,8-Cineole","Artemisia subdigitata",22695231
"609","?-curcumene","Artemisia subdigitata",22695231
"610","dihydroartoindonesianin C","Artocarpus obtusus",20390751
"611","pyranocycloartobiloxanthone A","Artocarpus obtusus",20390751
"641","flavonoids","Boswellia dioscorides",19320966
"642","angustifonine A","Bousigonia angustifolia",24417634
"643","angustifonine B","Bousigonia angustifolia",24417634
"663","bruceantinoside A","Brucea javanica",15165151
"664","brucein D","Brucea javanica",15165151
"665","brucein E","Brucea javanica",15165151
"666","bruceoside A","Brucea javanica",15165151
"667","bruceoside B","Brucea javanica",15165151
"668","bruceoside C","Brucea javanica",15165151
"669","bruceoside E","Brucea javanica",15165151
"670","brusatol","Brucea javanica",15165151
"671","javanicolide C","Brucea javanica",15165151
"672","javanicolide D","Brucea javanica",15165151
"673","javanicolide E","Brucea javanica",20050684
"674","javanicolide F","Brucea javanica",20050684
"675","javanicoside B","Brucea javanica",15165151
"676","javanicoside C","Brucea javanica",15165151
"677","javanicoside D","Brucea javanica",15165151
"678","javanicoside E","Brucea javanica",15165151
"679","javanicoside F","Brucea javanica",15165151
"680","yadanziolide A","Brucea javanica",15165151
"681","yadanziolide C","Brucea javanica",15165151
"682","yadanziolide D","Brucea javanica",15165151
"683","yadanziolide S","Brucea javanica",15165151
"684","yadanzioside A","Brucea javanica",15165151
"685","yadanzioside B","Brucea javanica",15165151
"686","yadanzioside C","Brucea javanica",15165151
"687","yadanzioside D","Brucea javanica",15165151
"688","yadanzioside E","Brucea javanica",15165151
"689","yadanzioside F","Brucea javanica",15165151
"690","yadanzioside G","Brucea javanica",15165151
"691","yadanzioside I","Brucea javanica",15165151
"692","yadanzioside K","Brucea javanica",15165151
"693","yadanzioside L","Brucea javanica",15165151
"694","yadanzioside M","Brucea javanica",15165151
"695","yadanzioside N","Brucea javanica",15165151
"696","yadanzioside O","Brucea javanica",15165151
"697","yadanzioside P","Brucea javanica",15165151
"745","oleanolic acid glycoside 1","Calendula arvensis",1654576
"746","oleanolic acid glycoside 2","Calendula arvensis",1654576
"747","oleanolic acid glycoside 3","Calendula arvensis",1654576
"748","oleanolic acid glycoside 4","Calendula arvensis",1654576
"749","oleanolic acid glycoside 5","Calendula arvensis",1654576
"750","Sesquiterpene glycoside","Calendula arvensis",8277320
"751","(5'Z)-gamma-carotene","Calendula officinalis",12406606
"752","(5Z,9Z)-lycopene","Calendula officinalis",12406606
"753","(5'Z,9'Z)-rubixanthin","Calendula officinalis",12406606
"754","(5Z,9Z,5'Z,9'Z)-lycopene","Calendula officinalis",12406606
"755","(G)-rhamnosylrutinoside","Calendula officinalis",17262260
"756","3-glucoside of isorhamnetin","Calendula officinalis",15925220
"757","auroxanthin","Calendula officinalis",12406606
"758","beta-amyrin","Calendula officinalis",15925220
"759","beta-amyrin acetate","Calendula officinalis",15925220
"760","beta-carotene","Calendula officinalis",12406606
"761","caffeic acid","Calendula officinalis",15925220
"762","chlorogenic acid","Calendula officinalis",15925220
"763","faradiol laurate","Calendula officinalis",11705026
"764","faradiol myristate","Calendula officinalis",11705026
"765","faradiol palmitate","Calendula officinalis",11705026
"766","flavoxanthin","Calendula officinalis",12406606
"767","isoquercitrin","Calendula officinalis",15925220
"768","isorhamnetin 3- O-glucoside","Calendula officinalis",17262260
"769","lutein","Calendula officinalis",12406606
"770","narcissin","Calendula officinalis",15925220
"771","neohesperidoside","Calendula officinalis",17262260
"772","Oleanolic acid","Calendula officinalis",15925220
"773","p-coumaric acid","Calendula officinalis",15925220
"774","protokatechuic acid","Calendula officinalis",15925220
"775","quercetin","Calendula officinalis",15925220
"776","quercetin glucoside","Calendula officinalis",17262260
"777","rutin","Calendula officinalis",15925220
"778","rutinoside","Calendula officinalis",17262260
"779","sesquiterpene oligoglycoside","Calendula officinalis",11515588
"780","syringic acid","Calendula officinalis",15925220
"781","vanillic acid","Calendula officinalis",15925220
"804","6-deoxy-gamma-mangostin","Calophyllum caledonicum",15474559
"805","allanxanthone","Calophyllum caledonicum",14750030
"806","apetalic acid","Calophyllum caledonicum",14750030
"807","caledonic acid","Calophyllum caledonicum",14750030
"808","caledonixanthone E","Calophyllum caledonicum",15229808
"809","caledonixanthone M","Calophyllum caledonicum",14750030
"810","caledonixanthones A","Calophyllum caledonicum",11087585
"811","caledonixanthones B","Calophyllum caledonicum",11087585
"812","caledonixanthones C","Calophyllum caledonicum",11087585
"813","caledonixanthones D","Calophyllum caledonicum",11087585
"814","caledonixanthones E","Calophyllum caledonicum",11842325
"815","caledonixanthones F","Calophyllum caledonicum",11842325
"816","calolongic acid","Calophyllum caledonicum",14750030
"817","calothwaitesixanthone","Calophyllum caledonicum",14750030
"818","calothwaitesixanthone","Calophyllum caledonicum",15474559
"819","caloxanthone C","Calophyllum caledonicum",15474559
"820","caloxanthone L","Calophyllum caledonicum",14750030
"821","calozeyloxanthone","Calophyllum caledonicum",15474559
"822","calozeyloxanthone","Calophyllum caledonicum",14750030
"823","demethylcalabaxanthone","Calophyllum caledonicum",15474559
"824","dombakinaxanthone","Calophyllum caledonicum",15474559
"825","isoapetalic acid","Calophyllum caledonicum",14750030
"826","isocalolongic acid","Calophyllum caledonicum",14750030
"827","macluraxanthone","Calophyllum caledonicum",15474559
"891","isorhamnetin-3-O-glucopyranoside","Calotropis gigantea",1368420
"892","isorhamnetin-3-O-rutinoside","Calotropis gigantea",1368420
"893","taraxasteryl acetate","Calotropis gigantea",1368420
"894","alkaloids","Calpurnia aurea",23351272
"911","1-O-hexadecanolenin","Carthamus tinctorius",16104502
"912","apigenin","Carthamus tinctorius",16104502
"913","coumaric acid","Carthamus tinctorius",16104502
"914","daucosterol","Carthamus tinctorius",16104502
"915","kaempferol","Carthamus tinctorius",16104502
"916","palmitic acid","Carthamus tinctorius",16104502
"917","trans-3-tridecene-5,7,9,11-tetrayne-1,2-diol","Carthamus tinctorius",16104502
"918","trans-trans-3,11-tridecadiene -5,7,9-triyne -1,2-diol","Carthamus tinctorius",16104502
"946","alkaloids","Centella asiatica",22536985
"974","limonene","Chaerophyllum aureum",19370887
"975","p-cymene","Chaerophyllum aureum",19370887
"976","Sabinene","Chaerophyllum aureum",19370887
"977","cis-beta-ocimene","Chaerophyllum macropodum",19634338
"978","fenchyl acetate","Chaerophyllum macropodum",19634338
"979","myristicin","Chaerophyllum macropodum",19634338
"980","sabinene","Chaerophyllum macropodum",19634338
"981","terpinolene","Chaerophyllum macropodum",19634338
"982","trans-beta-ocimene","Chaerophyllum macropodum",19634338
"1001","(E)-ascaridole","Chenopodium ambrosioides",18679750
"1002","(E)-piperitol acetate","Chenopodium ambrosioides",18679750
"1003","(Z)-ascaridole","Chenopodium ambrosioides",18679750
"1004","(Z)-carvyl acetate","Chenopodium ambrosioides",18679750
"1005","alpha-pinene","Chenopodium ambrosioides",19731609
"1006","alpha-terpinene","Chenopodium ambrosioides",19731609
"1007","alpha-terpinene","Chenopodium ambrosioides",18679750
"1008","alpha-terpineol","Chenopodium ambrosioides",18679750
"1009","alpha-terpinyl acetate","Chenopodium ambrosioides",19731609
"1010","ascaridole","Chenopodium ambrosioides",19731609
"1011","benzyl alcohol","Chenopodium ambrosioides",18679750
"1012","carvacrol","Chenopodium ambrosioides",19731609
"1013","carvacrol","Chenopodium ambrosioides",18679750
"1014","limonene","Chenopodium ambrosioides",19731609
"1015","p-cimen-8-ol","Chenopodium ambrosioides",18679750
"1016","p-cresol","Chenopodium ambrosioides",18679750
"1017","p-cymene","Chenopodium ambrosioides",18679750
"1018","p-cymene","Chenopodium ambrosioides",19731609
"1019","piperitone","Chenopodium ambrosioides",18679750
"1020","p-mentha-1,3,8-triene","Chenopodium ambrosioides",18679750
"1060","excavatine A","Clausena excavata",23847076
"1061","excavatine B","Clausena excavata",23847076
"1062","excavatine C","Clausena excavata",23847076
"1107","alkanoids","Cochlospermum tinctorium",21897665
"1154","cordiaquinone A","Cordia curassavica",10724189
"1155","cordiaquinone B","Cordia curassavica",10724189
"1156","cordiaquinone J","Cordia curassavica",10724189
"1157","cordiaquinone K","Cordia curassavica",10724189
"1158","cordiaquinones J","Cordia curassavica",10724189
"1159","cordiaquinones K","Cordia curassavica",10724189
"1166","alpha-terpinene","Coridothymus capitatus",14577632
"1167","alpha-thujene","Coridothymus capitatus",14577632
"1168","beta-myrcene","Coridothymus capitatus",14577632
"1169","carvacrol","Coridothymus capitatus",14577632
"1170","gamma-terpinene","Coridothymus capitatus",14577632
"1171","p-cymene","Coridothymus capitatus",14577632
"1172","thymol","Coridothymus capitatus",14577632
"1374","calyciphylline Q","Daphniphyllum macropodum",24619303
"1375","calyciphylline R","Daphniphyllum macropodum",24619303
"1376","calyciphylline S","Daphniphyllum macropodum",24619303
"1377","daphmacromine A","Daphniphyllum macropodum",22642560
"1378","daphmacromine B","Daphniphyllum macropodum",22642560
"1379","daphmacromine C","Daphniphyllum macropodum",22642560
"1380","daphmacromine D","Daphniphyllum macropodum",22642560
"1381","daphmacromine E","Daphniphyllum macropodum",22642560
"1382","daphmacromine F","Daphniphyllum macropodum",22642560
"1383","daphmacromine G","Daphniphyllum macropodum",22642560
"1384","daphmacromine H","Daphniphyllum macropodum",22642560
"1385","daphmacromine I","Daphniphyllum macropodum",22642560
"1386","daphmacromine J","Daphniphyllum macropodum",22642560
"1387","daphmacromine K","Daphniphyllum macropodum",23756191
"1388","daphmacromine L","Daphniphyllum macropodum",23756191
"1389","daphmacromine M","Daphniphyllum macropodum",23756191
"1390","daphmacromine N","Daphniphyllum macropodum",23756191
"1391","daphmacromine O","Daphniphyllum macropodum",23756191
"1392","daphnicyclidin A","Daphniphyllum macropodum",24619303
"1393","daphnicyclidin M","Daphniphyllum macropodum",24619303
"1394","daphnicyclidin N","Daphniphyllum macropodum",24619303
"1395","macropodumine B","Daphniphyllum macropodum",24619303
"1396","macropodumine C","Daphniphyllum macropodum",24619303
"1397","paxiphylline C","Daphniphyllum macropodum",24619303
"1410","11-hydroxycodaphniphylline","Daphniphyllum subverticillatum",19739650
"1411","17-hydroxydaphnigraciline","Daphniphyllum subverticillatum",19739650
"1412","daphnezomine L methyl ester","Daphniphyllum subverticillatum",19739650
"1413","Daphnilongeridine","Daphniphyllum subverticillatum",19739650
"1414","subdaphnidine A","Daphniphyllum subverticillatum",19739650
"1415","calycinine A","Daphniphyllum yunnanense",17190453
"1416","daphniyunnine A","Daphniphyllum yunnanense",16643024
"1417","daphniyunnine B","Daphniphyllum yunnanense",16643024
"1418","daphniyunnine C","Daphniphyllum yunnanense",16643024
"1419","daphniyunnine D","Daphniphyllum yunnanense",16643024
"1420","daphniyunnine E","Daphniphyllum yunnanense",16643024
"1421","macrodaphniphyllamine","Daphniphyllum yunnanense",17190453
"1422","yunnandaphnine A","Daphniphyllum yunnanense",17190453
"1423","yunnandaphnine B","Daphniphyllum yunnanense",17190453
"1424","yunnandaphnine C","Daphniphyllum yunnanense",17190453
"1425","yunnandaphnine D","Daphniphyllum yunnanense",17190453
"1426","yunnandaphnine E","Daphniphyllum yunnanense",17190453
"1546","2,7-dihydroxy-4-methoxyphenanthrene","Dioscorea bulbifera",23176193
"1547","bafoudiosbulbins A","Dioscorea bulbifera",23176193
"1548","bafoudiosbulbins B","Dioscorea bulbifera",23176193
"1549","bafoudiosbulbins C","Dioscorea bulbifera",23176193
"1550","bafoudiosbulbins F","Dioscorea bulbifera",23176193
"1551","bafoudiosbulbins G","Dioscorea bulbifera",23176193
"1582","oleanolic acid","Distictella elongata",24068079
"1583","Pectolinarin","Distictella elongata",24068079
"1584","pomolic acid","Distictella elongata",24068079
"1585","ursolic acid","Distictella elongata",24068079
"1586","?-sitosterol","Distictella elongata",24068079
"1658","2,5-dihydroxy-3-methyl-1,4-benzoquinone","Embelia schimperi",18386487
"1659","3beta, 11alpha, 16alpha, 28-tetrahydroxy-12-oleanene","Embelia schimperi",16973190
"1660","3beta, 28alpha-dihydroxy-16-oxo-13beta, 28-oxydooleanane","Embelia schimperi",16973190
"1661","3beta, 28-di-O-acetyl-16alpha-hydroxy-12-oleanene","Embelia schimperi",16973190
"1662","3beta,16alpha-di-O-acetyl-13beta, 28-epoxyoleanane","Embelia schimperi",16973190
"1663","3beta-acetyl-11alpha, 28-dihydroxy-16-oxo-12-oleanene","Embelia schimperi",16973190
"1664","3beta-acetyl-16alpha, 28alpha-dihydroxy-13beta, 28-oxydooleanane","Embelia schimperi",16973190
"1665","3beta-acetyl-16alpha-hydroxy-13beta, 28-epoxyoleanane","Embelia schimperi",16973190
"1666","3beta-acetyl-16alpha-hydroxyoleanane-13beta, 28-olide","Embelia schimperi",16973190
"1667","3beta-acetyl-16-oxo-13beta, 28-epoxyoleanane","Embelia schimperi",16973190
"1668","3beta-acetyl-28-hydroxy-16-oxo-12-oleanene","Embelia schimperi",16973190
"1669","aegicerin","Embelia schimperi",16973190
"1670","embelinone","Embelia schimperi",12560028
"1671","protoprimulagenin A","Embelia schimperi",16973190
"1672","schimperinone","Embelia schimperi",12560028
"1673","stigmasterol","Embelia schimperi",16973190
"1674","taraxerol","Embelia schimperi",16973190
"1675","taraxerone","Embelia schimperi",16973190
"1760","erylatissin A","Erythrina latissima",15649516
"1761","erylatissin B","Erythrina latissima",15649516
"1762","erylatissin C","Erythrina latissima",15649516
"1802","erythrodiol","Erythrina variegata",16595969
"1803","eryvarin A","Erythrina variegata",10985092
"1804","eryvarin B","Erythrina variegata",10985092
"1805","eryvarin F","Erythrina variegata",12648545
"1806","eryvarin G","Erythrina variegata",12648545
"1807","eryvarin M","Erythrina variegata",17191901
"1808","eryvarin N","Erythrina variegata",17191901
"1809","eryvarin O","Erythrina variegata",17191901
"1810","eryvarin P","Erythrina variegata",17191901
"1811","eryvarin Q","Erythrina variegata",17191901
"1812","eryvarin R","Erythrina variegata",17191901
"1813","isoerysenegalensein E","Erythrina variegata",16595969
"1814","laburnetin","Erythrina variegata",16595969
"1815","lupiwighteone","Erythrina variegata",16595969
"1816","wighteone","Erythrina variegata",16595969
"1850","3,15-dihydroxy-ent-labd-7-en-17-oic acid 3-O-beta-D-glucoside","Eupatorium glutinosum",12027751
"1851","(24R)-24-ethylcholesta-4,22-dien-3-one","Excoecaria agallocha",18533497
"1852","3beta-[(2E,4E)-6-oxo-decadienoyloxy]-olean-12-ene","Excoecaria agallocha",18533497
"1853","acetylaleuritolic acid","Excoecaria agallocha",18533497
"1854","beta-amyrin acetate","Excoecaria agallocha",18533497
"1855","beta-sitostenone","Excoecaria agallocha",18533497
"1856","beta-sitosterol","Excoecaria agallocha",18533497
"1857","cycloart-22-ene-3beta, 25-diol","Excoecaria agallocha",18533497
"1858","taraxerol","Excoecaria agallocha",18533497
"1859","taraxerone","Excoecaria agallocha",18533497
"1864","hesperidin","Fagara macrophylla",11429249
"1865","magnoflorine","Fagara macrophylla",11429249
"1866","oblongine","Fagara macrophylla",11429249
"1867","tembetarine","Fagara macrophylla",11429249
"1877","Burkinabin A","Fagara zanthoxyloides",19110407
"1878","Burkinabin B","Fagara zanthoxyloides",19110407
"1879","Burkinabin C","Fagara zanthoxyloides",19110407
"1880","28-O-beta-D-glucopyranoside","Fagonia arabica",8728716
"1881","3-O-[beta-D-glucopyranosyl-(1-->2)]-beta-D-glucopyranosyl-(1-->3)-alpha-L-arabinosyl oleanolic acid","Fagonia arabica",18069237
"1882","3-O-alpha-L-arabinopyranosyl quinovic acid 28-O-beta-D-glucopyranoside","Fagonia arabica",18069237
"1883","3-O-beta-D-glucopyranosyl(1-->2)-[beta-D-glucopyranosyl(1-->3)]-alpha-L- arabino pyranosyl oleanolic acid 28-O-beta-D-glucopyranoside","Fagonia arabica",8728716
"1884","3-O-beta-D-glucopyranosyl(1-->2)-[beta-D-glucopyranosyl(1-->3)]-alpha-L- arabino pyranosyl oleanolic acid,","Fagonia arabica",8728716
"1885","3-O-beta-D-glucopyranosyl-(1-->3)-alpha-L-arabinopyranoside oleanolic acid","Fagonia arabica",18069237
"1886","3-O-beta-D-glucopyranosyl-(1-->3)-alpha-L-arabino-pyranosyl quinovic acid 28-O-beta-D-glucopyranoside","Fagonia arabica",18069237
"1887","3-O-beta-D-xylopyranosyl (1-->2)-[beta-D-glucopyranosyl (1-->3)-alpha-L-arabinopyranosyl 27-hydroxyursolic acid 28-O-beta-D-glucopyranoside","Fagonia arabica",8728716
"1888","3-O-beta-D-xylopyranosyl(1-->2)-[beta-D-glucopyranosyl (1-->3)]-alpha- L-arabinopyranosyl oleanolic acid","Fagonia arabica",8728716
"1889","3-O-beta-D-xylopyranosyl(1-->2)-[beta-D-glucopyranosyl (1-->3)]-alpha-L-arabinopyranosyl 27-hydroxyoleanolic acid","Fagonia arabica",8728716
"1890","3-O-beta-D-xylopyranosyl(1-->2)-[beta-D-glucopyranosyl(1-->3)]-alpha-L- arabinopyranosyl oleanolic acid 28-O-beta-D-glucopyranoside","Fagonia arabica",8728716
"1891","3-O-beta-D-xylopyranosyl(1-->2)-[beta-D-glucopyranosyl(1-->3)]-alpha-L- arabinopyranosyl ursolic acid 28-O-beta-D-glucopyranoside","Fagonia arabica",8728716
"1892","acacetin-7-O-rhamnoside","Fagonia arabica",18069237
"1893","kaempferol-7-O-rhamnoside","Fagonia arabica",18069237
"1894","monodesmosidic saponins","Fagonia arabica",18069237
"1895","Carotenoids","Ferula vesceritensis",22937773
"1896","Coumarins","Ferula vesceritensis",22937773
"1897","Flavone aglycones","Ferula vesceritensis",22937773
"1898","Flavone glycosides","Ferula vesceritensis",22937773
"1909","2,7-Dimethyl-1,6-octadione","fortunella crassifolia swingle",22908587
"1910","3,4-Dimethyl styrene","fortunella crassifolia swingle",22908587
"1911","Bicyclogermacrene","fortunella crassifolia swingle",22908587
"1912","Camphene","fortunella crassifolia swingle",22908587
"1913","Carveol","fortunella crassifolia swingle",22908587
"1914","Carvone","fortunella crassifolia swingle",22908587
"1915","cis-Myrtanyl acetate","fortunella crassifolia swingle",22908587
"1916","Isopropyl cinnamate","fortunella crassifolia swingle",22908587
"1917","Limonene","fortunella crassifolia swingle",22908587
"1918","Linalool","fortunella crassifolia swingle",22908587
"1919","Myrcene","fortunella crassifolia swingle",22908587
"1920","Octyl acetate","fortunella crassifolia swingle",22908587
"1921","p-Cymene","fortunella crassifolia swingle",22908587
"1922","Perillaldehyde","fortunella crassifolia swingle",22908587
"1923","Perillyl acetate","fortunella crassifolia swingle",22908587
"1924","Piperitenone","fortunella crassifolia swingle",22908587
"1925","p-Mentha-1,5-dien-8-ol","fortunella crassifolia swingle",22908587
"1926","p-Mentha-2,8-dien-1-ol","fortunella crassifolia swingle",22908587
"1927","Spathulenol","fortunella crassifolia swingle",22908587
"1928","trans-Myrtanyl acetate","fortunella crassifolia swingle",22908587
"1929","?-Copaene","fortunella crassifolia swingle",22908587
"1930","?-Pinene","fortunella crassifolia swingle",22908587
"1931","?-Selinene","fortunella crassifolia swingle",22908587
"1932","?-Elemene","fortunella crassifolia swingle",22908587
"1933","?-Terpinene","fortunella crassifolia swingle",22908587
"1961","applanoxidic acids A","Ganoderma annulare",12781809
"1962","applanoxidic acids C","Ganoderma annulare",12781809
"1963","applanoxidic acids F","Ganoderma annulare",12781809
"1964","applanoxidic acids G","Ganoderma annulare",12781809
"1965","applanoxidic acids H","Ganoderma annulare",12781809
"1966","applanoxidic acid G","Ganoderma pfeifferi",12628419
"1967","Ganodermadiol","Ganoderma pfeifferi",12628419
"1968","lucidadiol","Ganoderma pfeifferi",12628419
"2016","1,3,7-trihydroxy-2-methoxyxanthone","Garcinia mangostana",16173114
"2017","1-isomangostin","Garcinia mangostana",16536578
"2018","3',6-dihydroxy-2,4,4'-trimethoxybenzophenone","Garcinia mangostana",16173114
"2019","8-deoxygartanin","Garcinia mangostana",16536578
"2020","8-hydroxycudraxanthone G","Garcinia mangostana",16536578
"2021","alpha-mangostin","Garcinia mangostana",16536578
"2022","cudraxanthone G","Garcinia mangostana",16536578
"2023","dulxanthone D","Garcinia mangostana",16173114
"2024","gamma-mangostin","Garcinia mangostana",16536578
"2025","garcimangosone B","Garcinia mangostana",16536578
"2026","garcimangosxanthone A","Garcinia mangostana",20176087
"2027","garcimangosxanthone B","Garcinia mangostana",20176087
"2028","garcimangosxanthone C","Garcinia mangostana",20176087
"2029","garcinone D","Garcinia mangostana",16536578
"2030","garcinone E","Garcinia mangostana",16536578
"2031","gartanin","Garcinia mangostana",16536578
"2032","mangostingone","Garcinia mangostana",16536578
"2033","mangostinone","Garcinia mangostana",16536578
"2034","mangoxanthone","Garcinia mangostana",16173114
"2035","smeathxanthone A","Garcinia mangostana",16536578
"2036","tovophyllin A","Garcinia mangostana",16536578
"2051","nigrolineabenzopyran A","Garcinia nigrolineata",16124764
"2052","nigrolineabiphenyl A","Garcinia nigrolineata",16124764
"2053","nigrolineabiphenyls B","Garcinia nigrolineata",16124764
"2054","nigrolineaisoflavone A","Garcinia nigrolineata",14695790
"2055","nigrolineaquinone A","Garcinia nigrolineata",14695790
"2056","nigrolineaxanthone A","Garcinia nigrolineata",14568082
"2057","nigrolineaxanthone B","Garcinia nigrolineata",14568082
"2058","nigrolineaxanthone C","Garcinia nigrolineata",14568082
"2059","nigrolineaxanthone D","Garcinia nigrolineata",14568082
"2060","nigrolineaxanthone E","Garcinia nigrolineata",14568082
"2061","nigrolineaxanthone F","Garcinia nigrolineata",14568082
"2062","nigrolineaxanthone G","Garcinia nigrolineata",14568082
"2063","nigrolineaxanthone H","Garcinia nigrolineata",14568082
"2064","nigrolineaxanthone I","Garcinia nigrolineata",14568082
"2065","nigrolineaxanthone J","Garcinia nigrolineata",14695790
"2066","nigrolineaxanthone K","Garcinia nigrolineata",14695790
"2067","nigrolineaxanthone L","Garcinia nigrolineata",14695790
"2068","nigrolineaxanthone M","Garcinia nigrolineata",14695790
"2069","nigrolineaxanthone N","Garcinia nigrolineata",14695790
"2070","nigrolineaxanthone O","Garcinia nigrolineata",14695790
"2071","nigrolineaxanthone P","Garcinia nigrolineata",14695790
"2072","nigrolineaxanthone Q","Garcinia nigrolineata",14695790
"2073","nigrolineaxanthone R","Garcinia nigrolineata",14695790
"2074","nigrolineaxanthone S","Garcinia nigrolineata",14695790
"2075","nigrolineaxanthone T","Garcinia nigrolineata",16124764
"2076","nigrolineaxanthone U","Garcinia nigrolineata",16124764
"2077","nigrolineaxanthone V","Garcinia nigrolineata",16124764
"2078","nigrolineaxanthone W","Garcinia nigrolineata",16124764
"2084","parvixanthone A","Garcinia parvifolia",11575954
"2085","parvixanthone B","Garcinia parvifolia",11575954
"2086","parvixanthone C","Garcinia parvifolia",11575954
"2087","parvixanthone D","Garcinia parvifolia",11575954
"2088","parvixanthone E","Garcinia parvifolia",11575954
"2089","parvixanthone F","Garcinia parvifolia",11575954
"2090","parvixanthone G","Garcinia parvifolia",11575954
"2091","parvixanthone H","Garcinia parvifolia",11575954
"2092","parvixanthone I","Garcinia parvifolia",11575954
"2124","scortechinone A","Garcinia scortechinii",15729626
"2125","scortechinone B","Garcinia scortechinii",15729626
"2126","scortechinone D","Garcinia scortechinii",15729626
"2127","scortechinone F","Garcinia scortechinii",15729626
"2128","scortechinone I","Garcinia scortechinii",15729626
"2129","scortechinone L","Garcinia scortechinii",15729626
"2130","scortechinone M","Garcinia scortechinii",15729626
"2131","scortechinone N","Garcinia scortechinii",15729626
"2132","scortechinone O","Garcinia scortechinii",15729626
"2133","scortechinone P","Garcinia scortechinii",15729626
"2134","scortechinone Q","Garcinia scortechinii",16038540
"2135","scortechinone R","Garcinia scortechinii",16038540
"2136","scortechinone S","Garcinia scortechinii",16038540
"2137","scortechinone T","Garcinia scortechinii",16038540
"2138","scortechinone U","Garcinia scortechinii",16038540
"2139","scortechinone V","Garcinia scortechinii",16038540
"2140","scortechinone W","Garcinia scortechinii",16038540
"2141","scortechinone X","Garcinia scortechinii",16038540
"2142","scortechinonesJ","Garcinia scortechinii",15729626
"2143","scortechterpene A","Garcinia scortechinii",16038540
"2144","scortechterpene B","Garcinia scortechinii",16038540
"2161","1,4,5-trihydroxyxanthone","Garcinia vieillardii",15474559
"2162","1,6-dihydroxyxanthone","Garcinia vieillardii",15474559
"2163","2-deprenylrheediaxanthone B","Garcinia vieillardii",15474559
"2164","6-O-methyl-2-deprenylrheediaxanthone B","Garcinia vieillardii",15104511
"2165","isocudraniaxanthone A","Garcinia vieillardii",15474559
"2166","isocudraniaxanthone B","Garcinia vieillardii",15474559
"2167","pancixanthone A","Garcinia vieillardii",15474559
"2168","vieillardixanthone","Garcinia vieillardii",15104511
"2209","14alpha-hydroxyelegansamine","Gelsemium elegans",16989532
"2210","14alpha-hydroxygelsamydine","Gelsemium elegans",16989532
"2211","gelsebamine","Gelsemium elegans",16989532
"2212","gelsebanine","Gelsemium elegans",16989532
"2327","alpha-allocryptopine","Glaucium oxylobum",12837370
"2328","dicentrine","Glaucium oxylobum",12837370
"2329","glaucine","Glaucium oxylobum",12837370
"2330","protopine","Glaucium oxylobum",12837370
"2355","1-methoxyphaseollin","Glycyrrhiza glabra",8069956
"2356","glucoliquiritin apioside","Glycyrrhiza glabra",8069956
"2357","glycyrdione A","Glycyrrhiza glabra",11140606
"2358","glyinflanin B","Glycyrrhiza glabra",11140606
"2359","kanzonol Y","Glycyrrhiza glabra",11140606
"2360","licoagroaurone","Glycyrrhiza glabra",11140606
"2361","licoagrochalcone B","Glycyrrhiza glabra",11140606
"2362","licoagrochalcone C","Glycyrrhiza glabra",11140606
"2363","licoagrochalcone D","Glycyrrhiza glabra",11140606
"2364","licoagroside A","Glycyrrhiza glabra",11140606
"2365","licoagroside B","Glycyrrhiza glabra",11140606
"2366","licochalcone C","Glycyrrhiza glabra",11140606
"2367","prenyllicoflavone A","Glycyrrhiza glabra",8069956
"2368","shinflavone","Glycyrrhiza glabra",8069956
"2369","shinpterocarpin","Glycyrrhiza glabra",8069956
"2408","cis-hexadec-11-en-7,9-diynoic acid","Heisteria acuminata",9584394
"2409","cis-octadec-12-en-7,9-diynoic acid","Heisteria acuminata",9584394
"2410","octadeca-8,10,12-triynoic acid","Heisteria acuminata",9584394
"2411","pentadeca-6,8,10-triynoic acid","Heisteria acuminata",9584394
"2412","trans-pentadec-10-en-6,8-diynoic acid","Heisteria acuminata",9584394
"2427","Alkaloids","Hemidesmus indicus",11167029
"2428","(E)-caryophyllene","Heracleum rechingeri",20552523
"2429","(Z)-3-octenyl acetate","Heracleum rechingeri",20552523
"2430","caryophyllene oxide","Heracleum rechingeri",20552523
"2431","elemicine","Heracleum rechingeri",20552523
"2432","octyl acetate","Heracleum rechingeri",20552523
"2433","terpinolene","Heracleum rechingeri",20552523
"2434","alpha-pinene","Heracleum rigens",22908589
"2435","bornyl acetate","Heracleum rigens",22908589
"2436","gamma-terpinene","Heracleum rigens",22908589
"2437","limonene","Heracleum rigens",22908589
"2438","octyl acetate","Heracleum rigens",22908589
"2439","rho-cymene","Heracleum rigens",22908589
"2488","alkaloids","Holarrhena antidysenterica",22536985
"2489","Alkaloids","Holarrhena antidysenterica",11167029
"2493","linalool","Homalomena aromatica",23177818
"2494","M-cymene","Homalomena aromatica",23177818
"2495","spatulenol","Homalomena aromatica",23177818
"2496","terpene-4-ol","Homalomena aromatica",23177818
"2497","T-muurolol","Homalomena aromatica",23177818
"2498","viridiflorol","Homalomena aromatica",23177818
"2499","?-cadinol","Homalomena aromatica",23177818
"2500","?-selinene","Homalomena aromatica",23177818
"2501","?-Muurolene","Homalomena aromatica",23177818
"2502","?-cadinene","Homalomena aromatica",23177818
"2565","alpha-copaene","Hymenaea courbaril",21299135
"2566","beta-caryophyllene","Hymenaea courbaril",21299135
"2567","beta-selinene","Hymenaea courbaril",21299135
"2568","bicyclogermacrene","Hymenaea courbaril",21299135
"2569","germacrene-D","Hymenaea courbaril",21299135
"2570","spathulenol","Hymenaea courbaril",21299135
"2626","Alkaloids","Hypoestes pubescens",19320966
"2627","acutumidine","Hypserpa nitida",17723297
"2628","acutumine","Hypserpa nitida",17723297
"2629","dauricumidine","Hypserpa nitida",17723297
"2630","dauricumine","Hypserpa nitida",17723297
"2631","dechloroacutumine","Hypserpa nitida",17723297
"2632","glaziovine","Hypserpa nitida",17723297
"2633","hypserpanines A","Hypserpa nitida",17723297
"2634","hypserpanines B","Hypserpa nitida",17723297
"2635","laurifoline","Hypserpa nitida",17723297
"2636","magnoflorine","Hypserpa nitida",17723297
"2637","pronuciferine","Hypserpa nitida",17723297
"2638","S-reticuline","Hypserpa nitida",17723297
"2649","1,8-cineol","Hyptis crenata",23157018
"2650","bomeol","Hyptis crenata",23157018
"2651","p-cimene","Hyptis crenata",23157018
"2652","1,8-cineole","Hyptis martiusii Benth",12797740
"2653","alpha-pinene","Hyptis martiusii Benth",12797740
"2654","beta-caryophyllene","Hyptis martiusii Benth",12797740
"2655","bicyclogermacrene","Hyptis martiusii Benth",12797740
"2656","Delta-3-carene","Hyptis martiusii Benth",12797740
"2657","germacrene B","Hyptis martiusii Benth",12797740
"2658","viridiflorene","Hyptis martiusii Benth",12797740
"2765","alkaloids","Jacaranda cuspidifolia",21663482
"2766","coumarins","Jacaranda cuspidifolia",21663482
"2767","Verbascoside","Jacaranda cuspidifolia",21663482
"2768","1,8-cineole","Jasonia montana",8441785
"2769","borneol","Jasonia montana",8441785
"2770","bornyl acetate","Jasonia montana",8441785
"2771","Camphor","Jasonia montana",8441785
"2772","centaureidin","Jasonia montana",15702639
"2773","chrysanthemol","Jasonia montana",8441785
"2774","intermediol","Jasonia montana",8441785
"2775","jasonin b","Jasonia montana",15702639
"2776","jasonin-a","Jasonia montana",15702639
"2777","jasonin-c","Jasonia montana",15702639
"2792","alpha-pinene","Juniperus communis",16375831
"2793","beta-pinene","Juniperus communis",16375831
"2794","limonene","Juniperus communis",16375831
"2795","mircene","Juniperus communis",16375831
"2796","sabinene","Juniperus communis",16375831
"2858","cyanogenic glycosides","Laennecia confusa",22623891
"2859","sesquiterpene lactone","Laennecia confusa",22623891
"2881","alpha-bisabolol","Laserpitium zernyi",20334149
"2882","alpha-pinene","Laserpitium zernyi",20334149
"2888","delaumonone A","Laumoniera bruceadelpha",19652415
"2889","delaumonone B","Laumoniera bruceadelpha",19652415
"2890","Alkaloids","Lawsonia inermis",11167029
"2959","1-hexanol","Linum pubescens",22913459
"2960","6,10,14-trimethyl-2-pentadecanone","Linum pubescens",22913459
"2961","decanoic acid","Linum pubescens",22913459
"2962","geranyl isovalerate","Linum pubescens",22913459
"2963","germacrene D","Linum pubescens",22913459
"2964","lauric acid","Linum pubescens",22913459
"2977","(Z)-5-(trideca-4-enyl)resorcinol","Lithraea molleoides",12350145
"2978","(Z,Z)-5-(trideca-4,7-dienyl)resorcinol","Lithraea molleoides",12350145
"2979","(Z,Z,E)-5-(trideca-4,7,10-trienyl)resorcinol","Lithraea molleoides",12350145
"2980","(Z,Z,Z)-5-(trideca-4,7,10-trienyl)resorcinol","Lithraea molleoides",12350145
"2981","5-alkyl resorcinol","Lithraea molleoides",15693716
"3140","apigenin 7--beta-D-glucopyranoside","Melissa officinalis",12365606
"3141","luteolin","Melissa officinalis",12365606
"3142","luteolin 3'-O-beta-D-glucuronopyranoside","Melissa officinalis",12365606
"3143","luteolin 7--beta-D-glucopyranoside","Melissa officinalis",12365606
"3144","luteolin 7-O-beta-D-glucopyranoside-3'-Obeta-D-glucuronopyranoside","Melissa officinalis",12365606
"3145","luteolin 7-O-beta-D-glucuronopyranoside","Melissa officinalis",12365606
"3190","d-limonene","Mentha longifolia",23413994
"3191","oxathiane","Mentha longifolia",23413994
"3192","piperitenon","Mentha longifolia",23413994
"3193","piperiton oxide","Mentha longifolia",23413994
"3194","tripal","Mentha longifolia",23413994
"3197","alkaloids","Momordica charantia",22536985
"3198","Alkaloids","Momordica charantia",22654584
"3199","Leucoanthocyanin","Momordica charantia",22654584
"3201","6-methoxy-acacetin-8-C-?-glucoside","Moringa peregrina",21716619
"3202","apigenin","Moringa peregrina",21716619
"3203","chryseriol-7-O-rhamnoside","Moringa peregrina",21716619
"3204","lupeol acetate","Moringa peregrina",21716619
"3205","neochlorogenic acid","Moringa peregrina",21716619
"3206","quercetin","Moringa peregrina",21716619
"3207","quercetin-3-O-rutinoside","Moringa peregrina",21716619
"3208","rhamnetin","Moringa peregrina",21716619
"3209","rhamnetin-3-O-rutinoside","Moringa peregrina",21716619
"3210","?-amyrin","Moringa peregrina",21716619
"3211","?-amyrin","Moringa peregrina",21716619
"3212","?-sitosterol","Moringa peregrina",21716619
"3213","?-sitosterol-3-O-glucoside","Moringa peregrina",21716619
"3214","alpha-acetyl-amyrin","Morus alba",12648543
"3215","cyclomorusin","Morus alba",12648543
"3216","eudraflavone B hydroperoxide","Morus alba",12648543
"3217","kuwanon S","Morus alba",12648543
"3218","leachianone G","Morus alba",12648543
"3219","moralbanone","Morus alba",12648543
"3220","mulberroside C","Morus alba",12648543
"3221","oxydihydromorusin","Morus alba",12648543
"3236","alpha-caryophyllene","Murraya exotica",20736910
"3237","alpha-pinene","Murraya exotica",20736910
"3238","caryophyllene oxide","Murraya exotica",20736910
"3239","spathulenol","Murraya exotica",20736910
"3274","(E)-beta-farnesene","Nepeta nepetella",21834248
"3275","(E)-beta-ocimene","Nepeta nepetella",21834248
"3276","1,8-cineole","Nepeta nepetella",21834248
"3277","4aalpha,7alpha,7aalpha-nepetalactone","Nepeta nepetella",21834248
"3278","4aalpha,7beta,7aalpha-nepetalactone","Nepeta nepetella",21834248
"3279","beta-pinene","Nepeta nepetella",21834248
"3280","dihydro","Nepeta nepetella",17340262
"3281","epinepetalactone","Nepeta nepetella",17340262
"3282","germacrene D","Nepeta nepetella",21834248
"3283","neonepetalactone","Nepeta nepetella",17340262
"3284","Nepetalactone","Nepeta nepetella",17340262
"3290","alkaloids","Newbouldia laevis",20161915
"3496","(l)-linalool","Pelargonium graveolens",23027699
"3497","10-epi-?-eudesmol","Pelargonium graveolens",23027699
"3498","citronellyl formate","Pelargonium graveolens",23027699
"3499","geraniol","Pelargonium graveolens",23027699
"3500","geranyl formate","Pelargonium graveolens",23027699
"3501","isorhamnetin aglycone","Pelargonium graveolens",23027699
"3502","kaempferol 3,7-di-O-glucoside","Pelargonium graveolens",23027699
"3503","kaempferol 3-O-glucoside","Pelargonium graveolens",23027699
"3504","Kaempferol 3-O-rhamnoside-glucoside","Pelargonium graveolens",23027699
"3505","myrisetin 3-O-glucoside-rhamnoside","Pelargonium graveolens",23027699
"3506","quercetin 3-O-glucoside","Pelargonium graveolens",23027699
"3507","quercetin 3-O-pentose","Pelargonium graveolens",23027699
"3508","quercetin 3-O-pentoside-glucoside","Pelargonium graveolens",23027699
"3509","quercetin 3-O-rhamnoside-glucoside","Pelargonium graveolens",23027699
"3510","?-citronellol","Pelargonium graveolens",23027699
"3523","(-)-8-oxocanadine","Pericampylus glaucus",18396905
"3524","(-)-8-oxotetrahydropalmatine","Pericampylus glaucus",18396905
"3525","bututic acid","Pericampylus glaucus",11243154
"3526","daucosterol","Pericampylus glaucus",11243154
"3527","epifriedelinol","Pericampylus glaucus",11243154
"3528","melissic acid","Pericampylus glaucus",11243154
"3529","norruffscine","Pericampylus glaucus",18396905
"3530","palmatic acid","Pericampylus glaucus",11243154
"3531","periglaucine A","Pericampylus glaucus",18396905
"3532","periglaucine B","Pericampylus glaucus",18396905
"3533","periglaucine C","Pericampylus glaucus",18396905
"3534","periglaucine D","Pericampylus glaucus",18396905
"3535","stearic acid","Pericampylus glaucus",11243154
"3551","alkaloids","Phyllanthus amarus",21982793
"3552","hydrolysable tannins","Phyllanthus amarus",21982793
"3553","lignans","Phyllanthus amarus",21982793
"3554","polyphenols","Phyllanthus amarus",21982793
"3555","anthraquinons","Phyllanthus muellerianus",21867554
"3556","coumarins","Phyllanthus muellerianus",21867554
"3557","reducing sugars","Phyllanthus muellerianus",21867554
"3558","sterols","Phyllanthus muellerianus",21867554
"3559","corilagin","Phyllanthus niruri",23410205
"3560","beta-sitosterol","Phyllanthus urinaria",8009999
"3561","daucosterol","Phyllanthus urinaria",8009999
"3562","ellagic acid","Phyllanthus urinaria",8009999
"3563","gallic acid","Phyllanthus urinaria",8009999
"3564","kaempferol","Phyllanthus urinaria",8009999
"3565","methyl brevifolin carboxylate","Phyllanthus urinaria",8009999
"3566","methyl ester dehydrochebulic acid","Phyllanthus urinaria",8009999
"3567","n-octadecane","Phyllanthus urinaria",8009999
"3568","quercetin","Phyllanthus urinaria",8009999
"3569","rutin","Phyllanthus urinaria",8009999
"3588","alkaloids","Piper nigrum",22536985
"3607","(-)-epigallocatechin-7-O-gallate","Pithecellobium clypearia",19771841
"3608","5,4'-dihydroxy-3,7,3'-trimethoxyflavone","Pithecellobium clypearia",22066399
"3609","5-hydroxy-3,7,3',4'-tetramethoxyflavone","Pithecellobium clypearia",22066399
"3610","7, 3'-O-di-gallyoltricetiflavan","Pithecellobium clypearia",19771841
"3611","7,4'-di-O-galloyltricetifavan","Pithecellobium clypearia",16724853
"3612","7-O-galloyltricetifavan","Pithecellobium clypearia",16724853
"3613","alpha-amyrin","Pithecellobium clypearia",22066399
"3614","luteoloside","Pithecellobium clypearia",22066399
"3615","oleanolic acid","Pithecellobium clypearia",22066399
"3616","tritriacontane","Pithecellobium clypearia",22066399
"3617","ursolic acid","Pithecellobium clypearia",22066399
"3619","2,3,9-trimethoxypterocarpan","Platymiscium floribundum",15787450
"3620","2'-hydroxy-6,4',6' ',4' ''-tetramethoxy-[7-O-7' ']-bisisoflavone","Platymiscium floribundum",15787450
"3621","7-hydroxy-6,4'-dimethoxy-isoflavonequinone","Platymiscium floribundum",15787450
"3622","homopterocarpin","Platymiscium floribundum",15787450
"3623","isoliquiritigenin","Platymiscium floribundum",15787450
"3624","liquiritigenin","Platymiscium floribundum",15787450
"3625","medicarpin","Platymiscium floribundum",15787450
"3626","vesticarpan","Platymiscium floribundum",15787450
"3627","10-epi-Cadinol","Plinia cerrocampanensis",20015638
"3628","4-Acetyl-1-methyl-1-cyclohexene","Plinia cerrocampanensis",20015638
"3629","6-Methyl-5-hepten-2-one","Plinia cerrocampanensis",20015638
"3630","a-Amorphene","Plinia cerrocampanensis",20015638
"3631","a-Bisabolol","Plinia cerrocampanensis",20015638
"3632","a-Bisabolol oxide A","Plinia cerrocampanensis",20015638
"3633","a-Bisabolol oxide B","Plinia cerrocampanensis",20015638
"3634","a-Calacorene","Plinia cerrocampanensis",20015638
"3635","a-Curcumene","Plinia cerrocampanensis",20015638
"3636","a-Muurolene","Plinia cerrocampanensis",20015638
"3637","a-Pinene","Plinia cerrocampanensis",20015638
"3638","a-Terpineol","Plinia cerrocampanensis",20015638
"3639","b-Bisabolene","Plinia cerrocampanensis",20015638
"3640","b-Bisabolol","Plinia cerrocampanensis",20015638
"3641","b-Eudesmol","Plinia cerrocampanensis",20015638
"3642","Calamenene","Plinia cerrocampanensis",20015638
"3643","cis-Linalool oxide","Plinia cerrocampanensis",20015638
"3644","cis-Ocimene","Plinia cerrocampanensis",20015638
"3645","Cubenol","Plinia cerrocampanensis",20015638
"3646","d-Cadinene","Plinia cerrocampanensis",20015638
"3647","E,E-Farnesol","Plinia cerrocampanensis",20015638
"3648","Estragole","Plinia cerrocampanensis",20015638
"3649","Geraniol","Plinia cerrocampanensis",20015638
"3650","Limonene","Plinia cerrocampanensis",20015638
"3651","Linalool","Plinia cerrocampanensis",20015638
"3652","Nerol","Plinia cerrocampanensis",20015638
"3653","p-Cymene","Plinia cerrocampanensis",20015638
"3654","Terpinen-4-ol","Plinia cerrocampanensis",20015638
"3655","trans-Linalool oxide","Plinia cerrocampanensis",20015638
"3656","trans-Nerolidol","Plinia cerrocampanensis",20015638
"3657","?-Terpinene","Plinia cerrocampanensis",20015638
"3658","alkaloids","Pluchea indica",22536985
"3659","2, 5-dimethyl-7-hydroxychromone","Plumbago zeylanica",17727061
"3660","4-hydroxybenzaldehyde","Plumbago zeylanica",17727061
"3661","Alkaloids","Plumbago zeylanica",11167029
"3662","beta-sitosterol","Plumbago zeylanica",17727061
"3663","indole-3-carboxaldehyde","Plumbago zeylanica",17727061
"3664","isoshinanolone","Plumbago zeylanica",17727061
"3665","plumbagic acid","Plumbago zeylanica",17727061
"3666","plumbagin","Plumbago zeylanica",17727061
"3667","plumbagine A","Plumbago zeylanica",23848163
"3668","plumbagine B","Plumbago zeylanica",23848163
"3669","plumbagine C","Plumbago zeylanica",23848163
"3670","plumbagine D","Plumbago zeylanica",23848163
"3671","plumbagine E","Plumbago zeylanica",23848163
"3672","plumbagine F","Plumbago zeylanica",23848163
"3673","plumbagine G","Plumbago zeylanica",23848163
"3674","plumbagoside A","Plumbago zeylanica",23848163
"3675","plumbagoside B","Plumbago zeylanica",23848163
"3676","plumbagoside C","Plumbago zeylanica",23848163
"3677","plumbagoside D","Plumbago zeylanica",23848163
"3678","trans-cinnamic acid","Plumbago zeylanica",17727061
"3679","vanillic acid","Plumbago zeylanica",17727061
"3682","(-)-alpha-cadinol","Polyalthia cerasoides",17845001
"3683","alpha-humulene","Polyalthia cerasoides",17845001
"3684","bidebiline E","Polyalthia cerasoides",17845001
"3685","caryophyllene oxide","Polyalthia cerasoides",17845001
"3686","codamine","Polyalthia cerasoides",17845001
"3687","laudanidine","Polyalthia cerasoides",17845001
"3688","laudanosine","Polyalthia cerasoides",17845001
"3689","octadeca-9,11,13-triynoic acid","Polyalthia cerasoides",17845001
"3690","reticuline","Polyalthia cerasoides",17845001
"3847","1-O-(1, 2-propanediol)-6-O-galloyl-beta-D-glucopyranoside","Psidium guajava",21348423
"3848","1-O-galloyl-beta-D-glucose","Psidium guajava",19526787
"3849","2,6-dihydroxy-3,5-dimethyl-4-O-(6?-O-galloyl-?-D-glucopyranosyl)-benzophenone","Psidium guajava",22085357
"3850","2,6-dihydroxy-3-formaldehyde-5-methyl-4-O-(6?-O-galloyl-?-D-glucopyranosyl)-diphenylmethane","Psidium guajava",22085357
"3851","2alpha-hydroxyoleanolic acid","Psidium guajava",19526787
"3852","2alpha-hydroxyursolic acid","Psidium guajava",19526787
"3853","alkaloids","Psidium guajava",21687350
"3854","alkaloids","Psidium guajava",22536985
"3855","asiatic acid","Psidium guajava",12377233
"3856","avicularin","Psidium guajava",22085357
"3857","beta-sitosterol","Psidium guajava",17616904
"3858","ellagic acid","Psidium guajava",21348423
"3859","ellagic acid-4-O-beta-D-glucopyranoside","Psidium guajava",21348423
"3860","gallic acid","Psidium guajava",21348423
"3861","goreishic acid I","Psidium guajava",12049217
"3862","guaijaverin","Psidium guajava",16882158
"3863","guaijaverin","Psidium guajava",22085357
"3864","Guajadial","Psidium guajava",17985919
"3865","guajadial","Psidium guajava",20929258
"3866","guajanoic acid","Psidium guajava",14984086
"3867","guajavolide","Psidium guajava",12494352
"3868","guavacoumaric acid","Psidium guajava",12377233
"3869","guavanoic acid","Psidium guajava",12377233
"3870","guavenoic acid","Psidium guajava",12494352
"3871","guavinoside A","Psidium guajava",20354804
"3872","guavinoside B","Psidium guajava",20354804
"3873","guavinoside C","Psidium guajava",20354804
"3874","hyperin","Psidium guajava",19526787
"3875","hyperoside","Psidium guajava",22085357
"3876","ilelatifol D","Psidium guajava",12377233
"3877","isoneriucoumaric acid","Psidium guajava",12377233
"3878","isoquercitrin","Psidium guajava",22085357
"3879","jacoumaric acid","Psidium guajava",12377233
"3880","kaempferol","Psidium guajava",22085357
"3881","morin-3-O-alpha-L-arabopyranoside","Psidium guajava",19526787
"3882","myricetin-3-O-beta-D-glucoside","Psidium guajava",19526787
"3883","obtusinin","Psidium guajava",12049217
"3884","obtusol","Psidium guajava",17616904
"3885","oleanolic acid","Psidium guajava",17616904
"3886","psidial A","Psidium guajava",20078113
"3887","psidial B","Psidium guajava",20078113
"3888","psidial C","Psidium guajava",20078113
"3889","psidiumoic acid","Psidium guajava",17616904
"3890","Psiguadial A","Psidium guajava",20929258
"3891","Psiguadial B","Psidium guajava",20929258
"3892","psiguanin A","Psidium guajava",22375873
"3893","psiguanin B","Psidium guajava",22375873
"3894","psiguanin C","Psidium guajava",22375873
"3895","psiguanin D","Psidium guajava",22375873
"3896","quercetin","Psidium guajava",22085357
"3897","quercetin-3-O-(6""-galloyl) beta-D-galactopyranoside","Psidium guajava",21348423
"3898","quercetin-3-O-beta-D-glucuronopyranoside","Psidium guajava",19526787
"3899","quercitrin","Psidium guajava",22085357
"3900","reynoutrin","Psidium guajava",22085357
"3901","ursolic acid","Psidium guajava",19526787
"3902","ursolic acid","Psidium guajava",17616904
"3962","alkaloids","Punica granatum",22536985
"3963","Alkaloids","Punica granatum",11167029
"3973","alkaloids","Quercus infectoria",22536985
"3974","hydrolysable tannins","Quercus infectoria",22536985
"4069","1,2,3,4,6-penta-O-galloyl-beta-D-glucoside","Rosa nutkana",18066132
"4070","1,6-digalloyl-beta-D-glucoside","Rosa nutkana",18066132
"4071","catechin gallate","Rosa nutkana",18066132
"4072","euscaphic acid","Rosa nutkana",18066132
"4073","L-ascorbic acid","Rosa nutkana",18066132
"4074","maslinic acid","Rosa nutkana",18066132
"4075","quercetin","Rosa nutkana",18066132
"4076","quercetin-3-O-glucoside","Rosa nutkana",18066132
"4077","tormentic acid","Rosa nutkana",18066132
"4078","ursolic acid","Rosa nutkana",18066132
"4182","16?-hydroxybryodulcosigenin","Saniculiphyllum guangxiense",22899611
"4183","3?-O-feruloylolean-12-en-27-oic acid","Saniculiphyllum guangxiense",22899611
"4184","3?-hydroxyolean-12-en-27-oic acid","Saniculiphyllum guangxiense",22899611
"4185","daucosterol","Saniculiphyllum guangxiense",22899611
"4186","menisdaurin","Saniculiphyllum guangxiense",22899611
"4187","oleanolic acid","Saniculiphyllum guangxiense",22899611
"4188","purshianin","Saniculiphyllum guangxiense",22899611
"4189","?-sitosterol","Saniculiphyllum guangxiense",22899611
"4190","(E)-Caryophyllene","Santolina chamaecyparissus",22908587
"4191","(E)-Nerolidol","Santolina chamaecyparissus",22908587
"4192","Allo-aromadendrene","Santolina chamaecyparissus",22908587
"4193","Camphor","Santolina chamaecyparissus",22908587
"4194","Caryophyllene oxide","Santolina chamaecyparissus",22908587
"4195","cubenol","Santolina chamaecyparissus",22908587
"4196","Curcumene","Santolina chamaecyparissus",22908587
"4197","Dodecanoic acid","Santolina chamaecyparissus",22908587
"4198","Germacrene D","Santolina chamaecyparissus",22908587
"4199","-Ionone","Santolina chamaecyparissus",22908587
"4200","?-Bisabolene","Santolina chamaecyparissus",22908587
"4201","?-Copaene","Santolina chamaecyparissus",22908587
"4202","(E)-3-(6-[(E)-3-hydroxy-3-oxo-1-propenyl]-9-oxo-9H-xanthen-2-yl)-2-propenoic acid","Santolina insularis",15787246
"4203","cirsimaritin","Santolina insularis",15787246
"4204","hispidulin","Santolina insularis",15787246
"4205","luteolin","Santolina insularis",15787246
"4206","luteolin 7-O-beta-D-glucopyranoside","Santolina insularis",15787246
"4207","nepetin","Santolina insularis",15787246
"4208","rhamnocitrin","Santolina insularis",15787246
"4235","beta-sitosterol","Schisandra chinensis",19873730
"4236","daucosterol","Schisandra chinensis",19873730
"4237","gamma-schizandrin","Schisandra chinensis",19873730
"4238","ganwuweizic acid","Schisandra chinensis",19873730
"4239","gomisin A","Schisandra chinensis",19873730
"4240","schinchinenin A","Schisandra chinensis",23318468
"4241","schinchinenin B","Schisandra chinensis",23318468
"4242","schinchinenin C","Schisandra chinensis",23318468
"4243","schinchinenin D","Schisandra chinensis",23318468
"4244","schinchinenin E","Schisandra chinensis",23318468
"4245","schinchinenin F","Schisandra chinensis",23318468
"4246","schinchinenin G","Schisandra chinensis",23318468
"4247","schinchinenin H","Schisandra chinensis",23318468
"4248","schinchinenlactone A","Schisandra chinensis",23318468
"4249","schinchinenlactone B","Schisandra chinensis",23318468
"4250","schinchinenlactone C","Schisandra chinensis",23318468
"4251","schizandrin","Schisandra chinensis",19873730
"4252","wuweizisu A","Schisandra chinensis",19873730
"4253","wuweizisu C","Schisandra chinensis",19873730
"4254","(-)-15-hydroxycalamenene","Schisandra glaucescens",23373215
"4255","(-)-cubebol","Schisandra glaucescens",23373215
"4256","(+)-ent-epicubenol","Schisandra glaucescens",23373215
"4257","4-epi-cubebol","Schisandra glaucescens",23373215
"4258","alpha-cadinol","Schisandra glaucescens",23373215
"4259","caryolane-1,9/3-diol","Schisandra glaucescens",23373215
"4260","caryophyllenol-I","Schisandra glaucescens",23373215
"4261","caryophyllenol-II","Schisandra glaucescens",23373215
"4262","ent-T-muurolol","Schisandra glaucescens",23373215
"4263","oxyphyllenodiols A","Schisandra glaucescens",23373215
"4264","t-cadinol","Schisandra glaucescens",23373215
"4265","torreyol","Schisandra glaucescens",23373215
"4312","marlignan A","Schisandra wilsoniana",20462233
"4313","marlignan B","Schisandra wilsoniana",20462233
"4314","marlignan C","Schisandra wilsoniana",20462233
"4315","marlignan D","Schisandra wilsoniana",20462233
"4316","marlignan E","Schisandra wilsoniana",20462233
"4317","marlignan F","Schisandra wilsoniana",20462233
"4318","marlignan G","Schisandra wilsoniana",20462233
"4319","marlignan H","Schisandra wilsoniana",20462233
"4320","marlignan I","Schisandra wilsoniana",20462233
"4321","marlignan J","Schisandra wilsoniana",20462233
"4322","marlignan K","Schisandra wilsoniana",20462233
"4323","marlignan L","Schisandra wilsoniana",20462233
"4324","marlignan M","Schisandra wilsoniana",23327759
"4325","marlignan N","Schisandra wilsoniana",23327759
"4326","marlignan O","Schisandra wilsoniana",23327759
"4327","marlignan P","Schisandra wilsoniana",23327759
"4328","marlignan Q","Schisandra wilsoniana",23327759
"4329","marlignan R","Schisandra wilsoniana",23327759
"4330","marlignan S","Schisandra wilsoniana",23327759
"4331","marphenol C","Schisandra wilsoniana",23327759
"4332","marphenol D","Schisandra wilsoniana",23327759
"4333","marphenol E","Schisandra wilsoniana",23327759
"4334","marphenol F","Schisandra wilsoniana",23327759
"4386","1,8-cineole","Sesuvium portulacastrum",16243465
"4387","alpha-humulene","Sesuvium portulacastrum",16243465
"4388","alpha-pinene","Sesuvium portulacastrum",16243465
"4389","alpha-terpinene","Sesuvium portulacastrum",16243465
"4390","beta-pinene","Sesuvium portulacastrum",16243465
"4391","bornyl acetate","Sesuvium portulacastrum",16243465
"4392","camphene","Sesuvium portulacastrum",16243465
"4393","limonene","Sesuvium portulacastrum",16243465
"4394","O-cymene","Sesuvium portulacastrum",16243465
"4395","trans-caryophyllene","Sesuvium portulacastrum",16243465
"4396","tridecane","Sesuvium portulacastrum",16243465
"4397","alpha-cadinol","Shorea robusta",12931858
"4398","alpha-copaene","Shorea robusta",12931858
"4399","alpha-terpineol","Shorea robusta",12931858
"4400","Asiatic acid","Shorea robusta",23290431
"4401","beta-elemene","Shorea robusta",12931858
"4402","gamma-cadinene","Shorea robusta",12931858
"4403","gamma-muurolene","Shorea robusta",12931858
"4404","Germacrene-D","Shorea robusta",11745034
"4405","globulol","Shorea robusta",12931858
"4406","T-cadinol","Shorea robusta",12931858
"4407","viridiflorene","Shorea robusta",12931858
"4423","phenethyl isothiocyanate","Sinapis alba",19799675
"4429","(+)-medioresinol","Solanum nigrum",20845784
"4430","(+)-pinoresinol","Solanum nigrum",20845784
"4431","(+)-syringaresinol","Solanum nigrum",20845784
"4432","3, 4-dihydroxhbenzoic acid","Solanum nigrum",17944186
"4433","3-methoxy-4-hydroxyienzoic acid","Solanum nigrum",17944186
"4434","6-methoy-hydroxycoumarin","Solanum nigrum",17944186
"4435","adenosine","Solanum nigrum",17944186
"4436","beta-sitosterol","Solanum nigrum",20845784
"4437","ethyl beta-d-thevetopyranosyl-(1-->4)-alpha-D-oleandropyranoside","Solanum nigrum",19631313
"4438","ethyl beta-D-thevetopyranosyl-(1-->4)-beta-D-oleandropyranoside","Solanum nigrum",19631313
"4439","nigrumnins I","Solanum nigrum",10923841
"4440","nigrumnins II","Solanum nigrum",10923841
"4441","p-hydroxybenzoic acid","Solanum nigrum",17944186
"4442","pinoresinol-4-O-beta-D-glucopyranoside","Solanum nigrum",17944186
"4443","scopoletin","Solanum nigrum",20845784
"4444","solanigroside A","Solanum nigrum",17885838
"4445","solanigroside B","Solanum nigrum",17885838
"4446","syringaresinol-4-O-beta-D-glucopyranoside","Solanum nigrum",17944186
"4447","tetracosanoic acid","Solanum nigrum",20845784
"4448","alkaloids","Solanum villosum",18387176
"4449","essential oil","Solanum villosum",18387176
"4456","(-)-13,14-dehydrosophoridine","Sophora flavescens",16364643
"4457","(-)-9alpha-hydroxysophocarpine","Sophora flavescens",16364643
"4458","(-)-anagyrine","Sophora flavescens",16364643
"4459","(-)-sophocarpine","Sophora flavescens",16364643
"4460","(+)-12alpha-Hydroxysophocarpine","Sophora flavescens",16364643
"4461","(+)-9alpha-hydroxymatrine","Sophora flavescens",16364643
"4462","(+)-allomatrine","Sophora flavescens",16364643
"4463","(+)-lehmannine","Sophora flavescens",16364643
"4464","(+)-matrine","Sophora flavescens",16364643
"4465","(+)-oxymatrine","Sophora flavescens",16364643
"4466","(+)-oxysophocarpine","Sophora flavescens",16364643
"4467","kuraidin","Sophora flavescens",9868163
"4468","kurarinol","Sophora flavescens",9868163
"4469","kushenol H","Sophora flavescens",9868163
"4470","kushenol K","Sophora flavescens",9868163
"4471","sophoflavescenol","Sophora flavescens",9868163
"4472","trifolirhizin","Sophora flavescens",9868163
"4486","a-humulene","Stachys cretica",19370886
"4487","delta-cadinene","Stachys cretica",19370886
"4488","delta-elemene","Stachys cretica",19370886
"4489","germacrene-D","Stachys cretica",19370886
"4490","trans-beta-caryophyllene","Stachys cretica",19370886
"4491","1, 4-methano-1 H-indene","Stachys lavandulifolia",23593591
"4492","alpha-pinene","Stachys lavandulifolia",23074920
"4493","Beta-Phellandrene","Stachys lavandulifolia",23074920
"4494","delta-cadinene","Stachys lavandulifolia",23593591
"4495","germacrene D","Stachys lavandulifolia",23593591
"4496","germacrene-D","Stachys lavandulifolia",23074920
"4497","myrcene","Stachys lavandulifolia",23593591
"4498","?-pinene","Stachys lavandulifolia",23593591
"4499","?-thujone","Stachys lavandulifolia",23593591
"4500","?-phellandrene","Stachys lavandulifolia",23593591
"4591","11-deoxyswietenialide D","Swietenia macrophylla",19552385
"4592","12alpha-acetoxyswietephragmin C","Swietenia macrophylla",19053509
"4593","12alpha-acetoxyswietephragmin D","Swietenia macrophylla",19053509
"4594","1-O-acetylkhayanolide A","Swietenia macrophylla",21985024
"4595","1-O-Acetylkhayanolide B","Swietenia macrophylla",21985024
"4596","1-O-Deacetylkhayanolide E","Swietenia macrophylla",21985024
"4597","2,11-diacetoxyswietenialide D","Swietenia macrophylla",19552385
"4598","2-acetoxyswietenialide D","Swietenia macrophylla",19552385
"4599","3beta,6-dihydroxydihydrocarapin","Swietenia macrophylla",10579863
"4600","3beta-O-destigloyl-3beta-O-benzoyl-12alpha-acetoxyswietephragmin C","Swietenia macrophylla",19053509
"4601","3beta-O-destigloyl-3beta-O-benzoyl-12alpha-acetoxyswietephragmin D","Swietenia macrophylla",19053509
"4602","3beta-O-destigloyl-3beta-O-benzoyl-6-O-acetylswietephragmin E","Swietenia macrophylla",19053509
"4603","6-O-acetylswietephragmin E","Swietenia macrophylla",19053509
"4604","augustineolide","Swietenia macrophylla",10579863
"4605","catechin","Swietenia macrophylla",19266907
"4606","epicatechin","Swietenia macrophylla",19266907
"4607","epoxyfebrinin B","Swietenia macrophylla",21467674
"4608","Khayalactone","Swietenia macrophylla",21985024
"4609","Khayanolide A","Swietenia macrophylla",21985024
"4610","Khayanolide B","Swietenia macrophylla",21985024
"4611","Khayanolide E","Swietenia macrophylla",21985024
"4612","Khayanone","Swietenia macrophylla",21985024
"4613","methyl-6-?-hydroxy angolensate","Swietenia macrophylla",21985024
"4614","O-acetyl-swietenolide","Swietenia macrophylla",21588997
"4615","swietemacrophyllanin","Swietenia macrophylla",19266907
"4616","Swietenine J","Swietenia macrophylla",21985024
"4617","swietenitin A","Swietenia macrophylla",19552385
"4618","swietenitin B","Swietenia macrophylla",19552385
"4619","swietenitin C","Swietenia macrophylla",19552385
"4620","swietenitin D","Swietenia macrophylla",19552385
"4621","swietenitin E","Swietenia macrophylla",19552385
"4622","swietenitin F","Swietenia macrophylla",19552385
"4623","swietenitin G","Swietenia macrophylla",19552385
"4624","swietenitin H","Swietenia macrophylla",19552385
"4625","swietenitin I","Swietenia macrophylla",19552385
"4626","swietenitin J","Swietenia macrophylla",19552385
"4627","swietenitin K","Swietenia macrophylla",19552385
"4628","swietenitin L","Swietenia macrophylla",19552385
"4629","swietenitin M","Swietenia macrophylla",19552385
"4630","swietenitin M","Swietenia macrophylla",21467674
"4631","swietenitin N","Swietenia macrophylla",21467674
"4632","swietenitin O","Swietenia macrophylla",21467674
"4633","swietenitin P","Swietenia macrophylla",21467674
"4634","swietenitin Q","Swietenia macrophylla",21467674
"4635","swietenitin R","Swietenia macrophylla",21467674
"4636","swietenitin S","Swietenia macrophylla",21467674
"4637","swietenitin T","Swietenia macrophylla",21467674
"4638","swietenitin U","Swietenia macrophylla",21467674
"4639","swietenitin V","Swietenia macrophylla",21467674
"4640","swietenitin W","Swietenia macrophylla",21467674
"4641","swietenitin X","Swietenia macrophylla",21467674
"4642","Swietenolide diacetate","Swietenia macrophylla",21579475
"4666","5,7-dihydroxy-2-methylchromone 8-C-beta-D-glucopyranoside","Syzygium aromaticum",8904847
"4667","apigenin 6-C-[beta-D-xylopyranosyl-(1'''-->2'')-beta-D-galactopyranoside]-7-O-beta-D-(6-O-p-coumarylglucopyranoside)","Syzygium aromaticum",16297892
"4668","apigenin 6-C-[beta-D-xylopyranosyl-(1'''-->2'')-beta-D-galactopyranoside]-7-O-beta-D-glucopyranoside","Syzygium aromaticum",16297892
"4669","biflorin","Syzygium aromaticum",8904847
"4670","ellagic acid","Syzygium aromaticum",8904847
"4671","gallic acid","Syzygium aromaticum",8904847
"4672","kaempferol","Syzygium aromaticum",8904847
"4673","myricetin","Syzygium aromaticum",8904847
"4674","oleanolic acid","Syzygium aromaticum",8904847
"4675","rhamnocitrin","Syzygium aromaticum",8904847
"4682","19(S)-hydroxyibogamine","Tabernaemontana corymbosa",12027738
"4683","19-epi-isovoacristine","Tabernaemontana corymbosa",12027738
"4684","3R/S-ethoxy-19-epi-heyneanine","Tabernaemontana corymbosa",12027738
"4685","3R/S-ethoxyheyneanine","Tabernaemontana corymbosa",12027738
"4686","conodiparine A","Tabernaemontana corymbosa",12542336
"4687","conodiparine B","Tabernaemontana corymbosa",12542336
"4688","conodiparine C","Tabernaemontana corymbosa",12542336
"4689","conodiparine D","Tabernaemontana corymbosa",12542336
"4690","conodiparine E","Tabernaemontana corymbosa",12542336
"4691","conodiparine F","Tabernaemontana corymbosa",12542336
"4692","conodutarine A","Tabernaemontana corymbosa",12542336
"4693","conodutarine B","Tabernaemontana corymbosa",12542336
"4694","cononitarine A","Tabernaemontana corymbosa",12542336
"4695","cononitarine B","Tabernaemontana corymbosa",12542336
"4696","isovoacryptine","Tabernaemontana corymbosa",12027738
"4697","jerantinine A","Tabernaemontana corymbosa",18778099
"4698","jerantinine B","Tabernaemontana corymbosa",18778099
"4699","jerantinine C","Tabernaemontana corymbosa",18778099
"4700","jerantinine D","Tabernaemontana corymbosa",18778099
"4701","jerantinine E","Tabernaemontana corymbosa",18778099
"4702","jerantinine F","Tabernaemontana corymbosa",18778099
"4703","jerantinine G","Tabernaemontana corymbosa",18778099
"4704","jerantinine H","Tabernaemontana corymbosa",19217125
"4705","jerantiphylline A","Tabernaemontana corymbosa",19217125
"4706","jerantiphylline B","Tabernaemontana corymbosa",19217125
"4707","tabernaricatine A","Tabernaemontana divaricata",23944995
"4708","tabernaricatine B","Tabernaemontana divaricata",23944995
"4709","tabernaricatine C","Tabernaemontana divaricata",23944995
"4710","tabernaricatine D","Tabernaemontana divaricata",23944995
"4711","tabernaricatine E","Tabernaemontana divaricata",23944995
"4712","tabernaricatine F","Tabernaemontana divaricata",23944995
"4713","tabernaricatine G","Tabernaemontana divaricata",23944995
"4714","4-allylanisole","Tagetes pusilla",20839636
"4715","trans-anethole","Tagetes pusilla",20839636
"4716","alkaloids","Tamarindus indica",22536985
"4717","1,3-di-O-galloyl-4,6-O-(S)-hexahydroxydiphenoyl-beta-D-glucose","Tamarix nilotica",19695651
"4718","3alpha-(3'',4''-dihydroxy-trans-cinnamoyloxy)-D-friedoolean-14-en-28-oic acid","Tamarix nilotica",19571423
"4719","3-O-trans-caffeoylisomyricadiol","Tamarix nilotica",19957430
"4720","coniferyl alcohol 4-O-sulphate","Tamarix nilotica",19571423
"4721","gemin D","Tamarix nilotica",19695651
"4722","hippomanin A","Tamarix nilotica",19695651
"4723","hirtellin A","Tamarix nilotica",19695651
"4724","kaempferol 4'-methyl ether","Tamarix nilotica",19571423
"4725","methyl ferulate 3-O-sulphate","Tamarix nilotica",19571423
"4726","nilotinin D1","Tamarix nilotica",19695651
"4727","nilotinin D2","Tamarix nilotica",19695651
"4728","nilotinin D3","Tamarix nilotica",19695651
"4729","nilotinin M1","Tamarix nilotica",19695651
"4730","quercetin 3-O-beta-D-glucupyranuronide","Tamarix nilotica",19571423
"4731","remurin A","Tamarix nilotica",19695651
"4732","remurin B","Tamarix nilotica",19695651
"4733","tamarixetin","Tamarix nilotica",19571423
"4738","1,8-cineole","Tanacetum santolinoides",12240986
"4739","cis-chrysanthenyl acetate","Tanacetum santolinoides",12240986
"4740","palmitic acid","Tanacetum santolinoides",12240986
"4741","palmitic acid methyl ester","Tanacetum santolinoides",12240986
"4742","sitosterol","Tanacetum santolinoides",12240986
"4743","stigmasterol","Tanacetum santolinoides",12240986
"4744","thymol","Tanacetum santolinoides",12240986
"4745","trans-chrysanthenyl acetate","Tanacetum santolinoides",12240986
"4746","trans-thujone","Tanacetum santolinoides",12240986
"4747","umbellulone","Tanacetum santolinoides",12240986
"4810","alkaloids","Terminalia chebula",22536985
"4894","Diterpenes","Trichilia heudelotti",10727815
"4927","3-O-fucopyranosylsaikogenin F","Verbascum thapsus",21656353
"4928","luteolin","Verbascum thapsus",21656353
"4929","verbathasin A","Verbascum thapsus",21656353
"4991","16-alpha-hydroxykauranoic acid","Xylopia aromatica",11163939
"4992","alpha-phellandrene","Xylopia aromatica",14753677
"4993","alpha-pinene","Xylopia aromatica",14753677
"4994","annomontacin","Xylopia aromatica",8021648
"4995","annonacin","Xylopia aromatica",8021648
"4996","beta-myrcene","Xylopia aromatica",14753677
"4997","beta-myrcene","Xylopia aromatica",14753677
"4998","beta-phellandrene","Xylopia aromatica",14753677
"4999","gigantetrocin A","Xylopia aromatica",8021648
"5000","gigantetronenin","Xylopia aromatica",8021648
"5001","p-cymene","Xylopia aromatica",14753677
"5002","p-mentha-1(7),8-diene","Xylopia aromatica",14753677
"5003","Venezenin","Xylopia aromatica",7623031
"5004","xylomatenin","Xylopia aromatica",7714532
"5005","xylomaticin","Xylopia aromatica",8021648
"5006","xylopiacin","Xylopia aromatica",8021648
"5007","xylopianin","Xylopia aromatica",8021648
"5008","Xylopien","Xylopia aromatica",7714532
"5009","(E)-beta-ocimene","Xylopia laevigata",23678822
"5010","(E)-caryophyllene","Xylopia laevigata",23307235
"5011","beta-elemene","Xylopia laevigata",23678822
"5012","bicyclogermacrene","Xylopia laevigata",23307235
"5013","delta-cadinene","Xylopia laevigata",23678822
"5014","delta-selinene","Xylopia laevigata",23678822
"5015","germacrene B","Xylopia laevigata",23307235
"5016","germacrene D","Xylopia laevigata",23307235
"5017","?-copaene","Xylopia laevigata",23307235
"5018","?-muurolene","Xylopia laevigata",23307235
"5019","?-cadinene ","Xylopia laevigata",23307235
"5041","5-methoxycanthin-6-one","Zanthoxylum chiloperone var. angustifolium",12820240
"5042","canthin-6-one","Zanthoxylum chiloperone var. angustifolium",12820240
